<playlist version="1" xmlns="http://xspf.org/ns/0/">
     <title>+Cher+Similar+Artists</title>
     <creator>Last.fm</creator>
     <date>2007-11-26T17:34:38</date>
     <link rel="http://www.last.fm/expiry">3600</link>
     <trackList>
      <track>
       <location>http://play.last.fm/....mp3</location>
       <title>Two People (Live)</title>
       <identifier>8212510</identifier>
       <album>Tina Live In Europe</album>
       <creator>Tina Turner</creator>
       <duration>265000</duration>
       <image>http://images.amazon.com/images/...</image>
       <extension application="http://www.last.fm/">
        <trackauth>12345</trackauth>
        <artistpage>http://www.last.fm/music/Tina+Turner</artistpage>
        <albumpage>http://www.last.fm/music/...</albumpage>
        <trackpage>http://www.last.fm/music/...</trackpage>
        <buyTrackURL>...</buyTrackURL>
        <buyAlbumURL/>
        <freeTrackURL>
        </extension>
      </track>
      <track>
       ...


